"AMZN Mktp CA*HF1GR0892   WWW.AMAZON.CAON","04/27/2023","09:54 PM","-71.08"
"COSTCO WHOLESALE W526    MISSISSAUGA  ON","04/26/2023","09:08 PM","-39.89"
"COSTCO GAS W526          MISSISSAUGA  ON","04/26/2023","08:50 PM","-43.28"
"Payment BNS","PAYMENT","TEJINDER","04/26/2023","04:00 AM","1000.00"
"IMMIGRATION CANADA ONL   OTTAWA       ON","04/26/2023","02:22 AM","-100.00"
"GOOGLE *YouTubePremium   g.co/helppay#NS","04/25/2023","11:46 PM","-13.55"
"COSTCO WHOLESALE W162    BRAMPTON     ON","04/24/2023","08:02 PM","-96.04"
"WENDY'S                  BRAMPTON     ON","04/24/2023","05:56 PM","-5.65"
"TIM HORTONS #4321        BRAMPTON     ON","04/24/2023","01:36 AM","-3.35"
"MCDONALD'S #23918  Q04   MISSISSAUGA  ON","04/23/2023","07:29 PM","-3.14"
"MIDWAY INVADER           MISSISSAUGA  ON","04/23/2023","04:00 AM","-8.05"
"ESSO CIRCLE K            BRAMPTON     ON","04/22/2023","11:09 PM","-45.00"
"SVP SPORTS               BRAMPTON     ON","04/22/2023","11:02 PM","-33.89"
"TIM HORTONS #2244        BRAMPTON     ON","04/22/2023","08:43 PM","-15.38"
"ADOBO FRESH BURRITO ME   BRAMPTON     ON","04/22/2023","06:49 PM","-12.42"
"MIDWAY INVADER           MISSISSAUGA  ON","04/22/2023","01:52 AM","-8.86"
"ABC*FUZION FITNESS       BRAMPTON     ON","04/22/2023","12:45 AM","-19.77"
"DOLLARAMA #0958          BRAMPTON     ON","04/21/2023","08:45 PM","-4.52"
"AMZN Mktp CA*HV4WE86S2   WWW.AMAZON.CAON","04/21/2023","07:04 PM","-12.41"
"NATH MEAT                BRAMPTON     ON","04/21/2023","02:18 PM","-20.33"
"AMZN Mktp CA*HV0RS3BZ1   WWW.AMAZON.CAON","04/20/2023","11:26 PM","-33.75"
"TIM HORTONS #3020        BRAMPTON     ON","04/20/2023","07:07 PM","-2.17"
"GINO'S PIZZA #124        BRAMPTON     ON","04/20/2023","01:00 AM","-19.21"
"TIM HORTONS #2244        BRAMPTON     ON","04/18/2023","06:21 PM","-2.17"
"TIM HORTONS #2244        BRAMPTON     ON","04/17/2023","10:07 PM","-1.92"
"NATH MEAT                BRAMPTON     ON","04/17/2023","07:11 PM","-27.00"
"TIM HORTONS #2244        BRAMPTON     ON","04/16/2023","11:40 PM","-4.01"
"ADOBO FRESH BURRITO ME   BRAMPTON     ON","04/16/2023","06:39 PM","-12.42"
"ROYAL PAAN               BRAMPTON     ON","04/16/2023","05:49 PM","-21.47"
"PATANJALI SEWA KENDRA    BRAMPTON     ON","04/16/2023","01:32 AM","-9.03"
"TIM HORTONS #3020        BRAMPTON     ON","04/16/2023","01:13 AM","-3.76"
"NATH MEAT                BRAMPTON     ON","04/15/2023","10:49 PM","-12.43"
"TIM HORTONS #3020        BRAMPTON     ON","04/15/2023","06:49 PM","-2.93"
"ESSO CIRCLE K            BRAMPTON     ON","04/15/2023","05:21 PM","-45.00"
"TIM HORTONS #3020        BRAMPTON     ON","04/15/2023","01:42 AM","-4.07"
"INDIAN FROOTLAND         BRAMPTON     ON","04/15/2023","12:43 AM","-3.99"
"INDIAN FROOTLAND         BRAMPTON     ON","04/14/2023","11:28 PM","-6.77"
"MIDWAY INVADER           MISSISSAUGA  ON","04/14/2023","06:29 PM","-8.86"
"ADOBO FRESH BURRITO ME   BRAMPTON     ON","04/13/2023","10:28 PM","-12.42"
"NATH MEAT                BRAMPTON     ON","04/12/2023","11:42 PM","-14.38"
"TIM HORTONS #2244        BRAMPTON     ON","04/12/2023","03:01 PM","-4.58"
"ADOBO FRESH BURRITO ME   BRAMPTON     ON","04/12/2023","12:51 AM","-12.42"
"SARANGAN'S NF #4493      BRAMPTON     ON","04/12/2023","12:43 AM","-6.99"
"TIM HORTONS #3018        BRAMPTON     ON","04/11/2023","09:02 PM","-2.09"
"TIM HORTONS #2244        BRAMPTON     ON","04/09/2023","09:27 PM","-4.66"
"TIM HORTONS #2244        BRAMPTON     ON","04/09/2023","04:38 PM","-2.09"
"NATH MEAT                BRAMPTON     ON","04/09/2023","04:07 PM","-12.43"
"ROGERS ******8688        888-764-3771 ON","04/09/2023","01:45 PM","-150.09"
"REAL PUNJABI TASTE       BRAMPTON     ON","04/09/2023","01:48 AM","-9.93"
"ADOBO FRESH BURRITO ME   BRAMPTON     ON","04/08/2023","11:57 PM","-12.42"
"REXALL PHARMACY #2386    BRAMPTON     ON","04/08/2023","08:27 PM","-14.74"
"FRESHCO #3889            BRAMPTON     ON","04/08/2023","06:27 PM","-2.81"
"NATH MEAT                BRAMPTON     ON","04/08/2023","01:32 AM","-12.43"
"TIM HORTONS #0693        MISSISSAUGA  ON","04/07/2023","08:39 PM","-5.63"
"ESSO CIRCLE K            MISSISSAUGA  ON","04/07/2023","08:29 PM","-40.00"
"TIM HORTONS #2244        BRAMPTON     ON","04/07/2023","04:59 PM","-2.61"
"ABC*FUZION FITNESS       905-4551770  ON","04/07/2023","10:04 AM","-19.77"
"KING & QUEEN BARBER AN   BRAMPTON     ON","04/06/2023","10:01 PM","-56.50"
"COSTCO WHOLESALE W162    BRAMPTON     ON","04/06/2023","08:23 PM","-3.03"
"COSTCO WHOLESALE W162    BRAMPTON     ON","04/06/2023","07:56 PM","-246.44"
"TALIZE                   BRAMPTON     ON","04/06/2023","06:17 PM","-4.85"
"ADOBO FRESH BURRITO ME   BRAMPTON     ON","04/06/2023","05:36 PM","-9.03"
"TIM HORTONS #2244        BRAMPTON     ON","04/04/2023","05:51 PM","-2.61"
"MASSAGE ADDICT MAVIS     MISSISSAUGA  ON","04/03/2023","09:46 PM","-7.00"
"KRAZY BINZ LIQUIDATION   MISSISSAUGA  ON","04/03/2023","09:22 PM","-22.60"
"TIM HORTONS #2104        MISSISSAUGA  ON","04/03/2023","07:24 PM","-7.67"
"HCM*INTERNATIONAL LANG   877-6435246  ON","04/03/2023","04:07 AM","-250.00"
"Payment BNS","PAYMENT","TEJINDER","04/03/2023","04:00 AM","1000.00"
"FOOK HING RESTURANT      BRAMPTON     ON","04/03/2023","12:38 AM","-15.54"
"PUNJABI CHAAP CORNER C   BRAMPTON     ON","04/02/2023","01:14 AM","-18.62"
"QUEEN AND BRAMALEA ESS   BRAMPTON     ON","04/01/2023","09:22 PM","-40.00"
"NATH MEAT                BRAMPTON     ON","04/01/2023","06:25 PM","-12.43"
"MCDONALD'S #23918  Q04   MISSISSAUGA  ON","04/01/2023","03:33 AM","-3.14"
"MIDWAY INVADER           MISSISSAUGA  ON","04/01/2023","01:35 AM","-8.86"
"NATH MEAT                BRAMPTON     ON","03/31/2023","09:47 PM","-16.90"
"ADOBO FRESH BURRITO ME   BRAMPTON     ON","03/31/2023","06:55 PM","-14.10"
"NATH MEAT                BRAMPTON     ON","03/30/2023","01:05 AM","-10.00"
"PUNJABI CHAAP CORNER C   BRAMPTON     ON","03/29/2023","01:18 AM","-15.80"
"NATH MEAT                BRAMPTON     ON","03/27/2023","06:01 PM","-12.43"
"MILLION DOLLAR RESTAUR   MISSISSAUGA  ON","03/27/2023","02:34 AM","-10.63"
"SARANGAN'S NF #4493      BRAMPTON     ON","03/27/2023","12:04 AM","-1.75"
"MCDONALD'S #23918  Q04   MISSISSAUGA  ON","03/26/2023","05:11 AM","-3.14"
"MIDWAY INVADER           MISSISSAUGA  ON","03/26/2023","01:49 AM","-8.86"
"TIM HORTONS #2244        BRAMPTON     ON","03/25/2023","06:56 PM","-1.92"
"GOOGLE *YouTubePremium   g.co/helppay#NS","03/25/2023","05:39 PM","-13.55"
"FOOK HING RESTURANT      BRAMPTON     ON","03/25/2023","01:55 AM","-10.74"
"ADOBO FRESH BURRITO ME   BRAMPTON     ON","03/24/2023","11:46 PM","-12.42"
"TIM HORTONS #4769        BURLINGTON   ON","03/24/2023","09:35 PM","-3.84"
"ESSO CIRCLE K            BRAMPTON     ON","03/24/2023","06:32 PM","-45.00"
"TIM HORTONS #1216        BRAMPTON     ON","03/24/2023","04:39 PM","-1.92"
"ABC*FUZION FITNESS       905-4551770  ON","03/24/2023","01:36 PM","-19.77"
"NATH MEAT                BRAMPTON     ON","03/23/2023","09:11 PM","-12.43"
"TIM HORTONS #2925        HAMILTON     ON","03/23/2023","03:57 PM","-3.84"
"SHOPPERS DRUG MART #14   BRAMPTON     ON","03/22/2023","08:23 PM","-5.95"
"TIM HORTONS #3020        BRAMPTON     ON","03/22/2023","06:27 PM","-2.61"
"TIM HORTONS #2244        BRAMPTON     ON","03/21/2023","08:37 PM","-2.61"
"Payment BNS","PAYMENT","TEJINDER","03/21/2023","04:00 AM","1000.00"
"ESSO CIRCLE K            BRAMPTON     ON","03/20/2023","11:07 PM","-45.00"
"ADOBO FRESH BURRITO ME   BRAMPTON     ON","03/19/2023","10:26 PM","-12.42"
"MCDONALD'S #6365   Q04   MISSISSAUGA  ON","03/19/2023","03:03 PM","-1.67"
"MCDONALD'S #6365   Q04   MISSISSAUGA  ON","03/19/2023","02:31 PM","-1.92"
"MCDONALD'S #6365   Q04   MISSISSAUGA  ON","03/19/2023","04:00 AM","-1.92"
"PATANJALI SEWA KENDRA    BRAMPTON     ON","03/19/2023","03:22 AM","-9.03"
"TIM HORTONS #2244        BRAMPTON     ON","03/19/2023","12:51 AM","-11.52"
"ADOBO FRESH BURRITO ME   BRAMPTON     ON","03/18/2023","08:18 PM","-14.10"
"TIM HORTONS #3020        BRAMPTON     ON","03/18/2023","03:32 PM","-4.01"
"NATH MEAT                BRAMPTON     ON","03/17/2023","08:35 PM","-11.30"
"INDIAN FROOTLAND         BRAMPTON     ON","03/17/2023","08:00 PM","-9.03"
"MIDWAY INVADER           MISSISSAUGA  ON","03/17/2023","06:05 PM","-8.86"
"TIM HORTONS #2244        BRAMPTON     ON","03/17/2023","03:29 PM","-1.92"
"MILLION DOLLAR RESTAUR   MISSISSAUGA  ON","03/17/2023","01:03 AM","-8.86"
"TIM HORTONS #2244        BRAMPTON     ON","03/16/2023","06:37 PM","-2.61"
"MASSAGE ADDICT MAVIS     MISSISSAUGA  ON","03/16/2023","06:10 PM","-7.00"
"01767 CIRCLE K           BRAMPTON     ON","03/16/2023","04:36 AM","-40.00"
"SARANGAN'S NF #4493      BRAMPTON     ON","03/15/2023","06:06 PM","-6.99"
"NATH MEAT                BRAMPTON     ON","03/15/2023","05:54 PM","-26.00"
"TIM HORTONS #3020        BRAMPTON     ON","03/15/2023","05:22 PM","-1.92"
"TIM HORTONS #3020        BRAMPTON     ON","03/14/2023","09:34 PM","-1.92"
"HCM*INTERNATIONAL LANG   877-6435246  ON","03/14/2023","07:23 PM","-339.00"
"ADOBO FRESH BURRITO ME   BRAMPTON     ON","03/14/2023","01:40 AM","-9.03"
"TIM HORTONS #2244        BRAMPTON     ON","03/13/2023","08:21 PM","-1.92"
"TIM HORTONS #3020        BRAMPTON     ON","03/12/2023","08:48 PM","-1.92"
"ROGERS ******8688        888-764-3771 ON","03/12/2023","02:06 PM","-150.71"
"MIDWAY INVADER           MISSISSAUGA  ON","03/12/2023","01:40 AM","-8.86"
"TIM HORTONS #2244        BRAMPTON     ON","03/11/2023","09:55 PM","-1.92"
"PETROCAN                 BRAMPTON     ON","03/11/2023","07:02 PM","-40.00"
"ABC*FUZION FITNESS       905-4551770  ON","03/11/2023","02:22 AM","-19.77"
"NATH MEAT                BRAMPTON     ON","03/10/2023","10:28 PM","-16.00"
"NATH MEAT                BRAMPTON     ON","03/10/2023","10:26 PM","-11.30"
"MAGADHI                  BRAMPTON     ON","03/09/2023","11:07 AM","-18.63"
"COSTCO WHOLESALE W162    BRAMPTON     ON","03/08/2023","08:12 PM","-68.75"
"TIM HORTONS #2244        BRAMPTON     ON","03/08/2023","05:00 AM","-2.61"
"SHANGHAI 360             TORONTO      ON","03/07/2023","08:21 PM","-14.11"
"TIM HORTONS #6591        TORONTO      ON","03/07/2023","06:14 PM","-2.82"
"CN TOWER TICKETING       TORONTO      ON","03/07/2023","05:59 PM","-62.15"
"TIM HORTONS #1574        EAST YORK    ON","03/07/2023","03:13 PM","-4.01"
"CITY OF BRAMPTON - TRA   BRAMPTON     ON","03/07/2023","01:40 PM","-36.00"
"GINO'S PIZZA #124        BRAMPTON     ON","03/07/2023","01:13 AM","-19.21"
"MIDWAY INVADER           MISSISSAUGA  ON","03/06/2023","01:31 AM","-8.25"
"MCDONALD'S #6365   Q04   MISSISSAUGA  ON","03/05/2023","11:36 PM","-2.93"
"ADOBO FRESH BURRITO ME   BRAMPTON     ON","03/05/2023","09:57 PM","-14.10"
"MCDONALD'S #21612  Q04   BRAMPTON     ON","03/05/2023","08:28 PM","-2.93"
"MCDONALD'S #6365   Q04   MISSISSAUGA  ON","03/05/2023","02:02 PM","-1.05"
"NATH MEAT                BRAMPTON     ON","03/05/2023","12:22 AM","-11.30"
"TIM HORTONS #2244        BRAMPTON     ON","03/04/2023","08:12 PM","-4.89"
"Payment BNS","PAYMENT","TEJINDER","03/04/2023","05:00 AM","1000.00"
"GINO'S PIZZA #124        BRAMPTON     ON","03/04/2023","03:20 AM","-24.72"
"QUEEN AND BRAMALEA ESS   BRAMPTON     ON","03/02/2023","06:02 AM","-40.00"
"RCSS HWY 10 & STEELES    BRAMPTON     ON","03/02/2023","02:12 AM","-22.00"
"ADOBO FRESH BURRITO ME   BRAMPTON     ON","03/01/2023","12:25 AM","-14.10"
"TIM HORTONS #3020        BRAMPTON     ON","02/28/2023","09:52 PM","-1.92"
"GINO'S PIZZA #124        BRAMPTON     ON","02/28/2023","03:56 AM","-19.21"
"ADOBO FRESH BURRITO ME   BRAMPTON     ON","02/27/2023","10:55 PM","-14.10"
"STAPLES STORE #217       BRAMPTON     ON","02/27/2023","10:15 PM","-6.08"
"HCM*INTERNATIONAL LANG   877-6435246  ON","02/27/2023","05:01 PM","-339.00"
"STAPLES STORE #217       BRAMPTON     ON","02/27/2023","05:00 AM","-0.18"
"NATH MEAT                BRAMPTON     ON","02/26/2023","11:46 PM","-12.43"
"TIM HORTONS #2244        BRAMPTON     ON","02/26/2023","05:53 PM","-1.92"
"SHELL C81479             BRAMPTON     ON","02/26/2023","05:30 AM","-30.00"
"PUNJABI CHAAP CORNER C   BRAMPTON     ON","02/26/2023","05:20 AM","-15.81"
"TIM HORTONS #2244        BRAMPTON     ON","02/25/2023","09:20 PM","-12.82"
"GOOGLE *YouTubePremium   g.co/helppay#NS","02/25/2023","08:14 PM","-13.55"
"ADOBO FRESH BURRITO ME   BRAMPTON     ON","02/25/2023","05:04 PM","-14.10"
"MIDWAY INVADER           MISSISSAUGA  ON","02/25/2023","04:57 AM","-8.86"
"ADOBO FRESH BURRITO ME   BRAMPTON     ON","02/24/2023","10:58 PM","-14.10"
"ABC*FUZION FITNESS       905-4551770  ON","02/24/2023","02:30 PM","-19.77"
"DOLLARAMA # 204          BRAMPTON     ON","02/23/2023","09:02 PM","-4.52"
"SARANGAN'S NF #4493      BRAMPTON     ON","02/22/2023","07:57 PM","-11.49"
"RCSS HWY 10 & STEELES    BRAMPTON     ON","02/22/2023","01:29 AM","-22.00"
"COSTCO WHOLESALE W526    MISSISSAUGA  ON","02/21/2023","11:53 PM","-1.58"
"COSTCO WHOLESALE W526    MISSISSAUGA  ON","02/21/2023","11:36 PM","-3.03"
"TIM HORTONS #3020        BRAMPTON     ON","02/21/2023","11:07 PM","-1.92"
"NATH MEAT                BRAMPTON     ON","02/20/2023","11:47 PM","-22.33"
"MASSAGE ADDICT MAVIS     MISSISSAUGA  ON","02/20/2023","11:19 PM","-7.00"
"ADOBO FRESH BURRITO ME   BRAMPTON     ON","02/20/2023","05:23 PM","-15.79"
"TIM HORTONS #3018        BRAMPTON     ON","02/19/2023","10:14 PM","-1.92"
"PETROCAN                 MISSISSAUGA  ON","02/19/2023","09:37 PM","-40.00"
"TIM HORTONS #2244        BRAMPTON     ON","02/19/2023","02:31 AM","-1.92"
"NATH MEAT                BRAMPTON     ON","02/18/2023","11:36 PM","-19.93"
"TIM HORTONS #2244        BRAMPTON     ON","02/17/2023","02:54 PM","-1.92"
"ADOBO FRESH BURRITO ME   BRAMPTON     ON","02/17/2023","04:47 AM","-9.03"
"INDIAN FROOTLAND         BRAMPTON     ON","02/16/2023","02:55 AM","-10.19"
"TIM HORTONS #2244        BRAMPTON     ON","02/15/2023","06:33 PM","-1.92"
"GINO'S PIZZA #124        BRAMPTON     ON","02/14/2023","06:45 PM","-19.21"
"STARBUCKS 800-782-7282   800-782-7282 ON","02/13/2023","03:58 AM","-10.00"
"MIDWAY INVADER           MISSISSAUGA  ON","02/13/2023","12:49 AM","-8.86"
"RAPIZZA                  BRAMPTON     ON","02/11/2023","09:06 PM","-10.72"
"NATH MEAT                BRAMPTON     ON","02/11/2023","01:18 AM","-27.43"
"SHELL C21971             GEORGETOWN   ON","02/11/2023","12:40 AM","-40.00"
"TIM HORTONS #0385        BRAMPTON     ON","02/10/2023","09:04 PM","-4.01"
"ABC*FUZION FITNESS       905-4551770  ON","02/10/2023","05:06 AM","-19.77"
"ROGERS ******8688        888-764-3771 ON","02/09/2023","02:41 PM","-150.71"
"PUNJABI CHAAP CORNER C   BRAMPTON     ON","02/09/2023","10:44 AM","-19.19"
"TIM HORTONS #5060        MISSISSAUGA  ON","02/07/2023","05:53 AM","-5.18"
"TIM HORTONS #2749        BRAMPTON     ON","02/07/2023","03:59 AM","-3.76"
"MILLION DOLLAR RESTAUR   MISSISSAUGA  ON","02/07/2023","03:01 AM","-8.86"
"COSTCO WHOLESALE W162    BRAMPTON     ON","02/06/2023","07:34 PM","-2.72"
"COSTCO WHOLESALE W162    BRAMPTON     ON","02/06/2023","07:30 PM","-413.04"
"COSTCO WHOLESALE W162    BRAMPTON     ON","REFUND","TEJINDER","02/06/2023","05:00 AM","642.96"
"COSTCO WHOLESALE W162    BRAMPTON     ON","02/06/2023","05:00 AM","-0.32"
"Subway 6385              Brampton     ON","02/06/2023","02:59 AM","-12.07"
"TIM HORTONS #2244        BRAMPTON     ON","02/05/2023","11:58 PM","-1.92"
"SARANGAN'S NF #4493      BRAMPTON     ON","02/05/2023","10:15 PM","-6.52"
"SARANGAN'S NF #4493      BRAMPTON     ON","02/05/2023","05:00 AM","-0.23"
"HUSKY RAMBLER 0590       BRAMPTON     ON","02/04/2023","11:47 PM","-40.00"
"TIM HORTONS #2216        BRAMPTON     ON","02/04/2023","09:32 PM","-1.92"
"COSTCO WHOLESALE W162    BRAMPTON     ON","02/04/2023","02:49 AM","-14.68"
"INDIAN FROOTLAND         BRAMPTON     ON","02/03/2023","09:08 PM","-11.57"
"COSTCO WHOLESALE W162    BRAMPTON     ON","02/03/2023","07:42 PM","-3.03"
"NATH MEAT                BRAMPTON     ON","02/03/2023","07:41 PM","-15.00"
"INDIAN FROOTLAND         BRAMPTON     ON","02/02/2023","02:21 AM","-10.19"
"Payment BNS","PAYMENT","TEJINDER","02/01/2023","05:00 AM","500.00"
"TIM HORTONS #2244        BRAMPTON     ON","01/30/2023","10:57 PM","-1.92"
"FOOK HING RESTURANT      BRAMPTON     ON","01/30/2023","12:20 AM","-12.71"
"TIM HORTONS #2244        BRAMPTON     ON","01/28/2023","09:17 PM","-1.92"
"TIM HORTONS #3018        BRAMPTON     ON","01/28/2023","05:10 PM","-2.61"
"ESSO CIRCLE K            BRAMPTON     ON","01/28/2023","05:09 PM","-40.00"
"NATH MEAT                BRAMPTON     ON","01/28/2023","02:30 AM","-14.59"
"ABC*FUZION FITNESS       905-4551770  ON","01/28/2023","01:23 AM","-19.77"
"TIM HORTONS #3020        BRAMPTON     ON","01/27/2023","11:03 PM","-12.60"
"BENEVITY DONATIONS       855-237-7875 FL","01/27/2023","03:02 PM","-323.33"
"NATH MEAT                BRAMPTON     ON","01/26/2023","12:22 PM","-19.08"
"TIM HORTONS #3020        BRAMPTON     ON","01/26/2023","01:05 AM","-1.92"
"GOOGLE *YouTubePremium   g.co/helppay#NS","01/25/2023","11:46 PM","-13.55"
"Payment BNS","PAYMENT","TEJINDER","01/25/2023","05:00 AM","667.33"
"TIM HORTONS #3020        BRAMPTON     ON","01/24/2023","07:49 PM","-2.09"
"TIM HORTONS #2244        BRAMPTON     ON","01/24/2023","12:13 AM","-1.92"
"MCDONALD'S #29186  Q04   MISSISSAUGA  ON","01/22/2023","06:29 AM","-3.35"
"KENNEDY RD HUSKY TC ES   MISSISSAUGA  ON","01/22/2023","04:26 AM","-40.00"
"TIM HORTONS #2244        BRAMPTON     ON","01/21/2023","07:45 PM","-2.09"
"COSTCO WHOLESALE W162    BRAMPTON     ON","01/20/2023","09:06 PM","-6.77"
"NATH MEAT                BRAMPTON     ON","01/20/2023","02:39 AM","-13.56"
"TIM HORTONS #2244        BRAMPTON     ON","01/19/2023","11:06 PM","-4.01"
"TIM HORTONS #2244        BRAMPTON     ON","01/17/2023","06:17 PM","-4.01"
"MASSAGE ADDICT MAVIS     MISSISSAUGA  ON","01/17/2023","05:52 PM","-7.00"
"SARANGAN'S NF #4493      BRAMPTON     ON","01/17/2023","12:10 AM","-10.49"
"ESSO CIRCLE K            BRAMPTON     ON","01/15/2023","11:26 PM","-40.00"
"TIM HORTONS #2244        BRAMPTON     ON","01/15/2023","08:14 PM","-4.66"
"FOOK HING RESTURANT      BRAMPTON     ON","01/15/2023","04:57 PM","-10.74"
"TIM HORTONS #3020        BRAMPTON     ON","01/14/2023","08:03 PM","-1.92"
"MCDONALD'S #29186  Q04   MISSISSAUGA  ON","01/14/2023","07:17 AM","-3.35"
"MIDWAY INVADER           MISSISSAUGA  ON","01/14/2023","03:58 AM","-8.25"
"ABC*FUZION FITNESS       905-4551770  ON","01/13/2023","10:53 AM","-19.77"
"NATH MEAT                BRAMPTON     ON","01/13/2023","02:39 AM","-10.14"
"TIM HORTONS #2016        BRAMPTON     ON","01/13/2023","12:23 AM","-1.92"
"COSTCO WHOLESALE W162    BRAMPTON     ON","01/12/2023","07:48 PM","-3.03"
"TIM HORTONS #2244        BRAMPTON     ON","01/11/2023","08:10 PM","-1.92"
"REAL PUNJABI TASTE       BRAMPTON     ON","01/11/2023","07:50 PM","-11.30"
"ADOBO FRESH BURRITO ME   BRAMPTON     ON","01/11/2023","01:14 AM","-9.03"
"MCDONALD'S #40097  Q04   MISSISSAUGA  ON","01/10/2023","09:00 PM","-5.93"
"PETROCAN                 ETOBICOKE    ON","01/10/2023","08:04 PM","-40.00"
"NATH MEAT                BRAMPTON     ON","01/10/2023","02:36 AM","-8.75"
"TIM HORTONS #3020        BRAMPTON     ON","01/09/2023","08:46 PM","-6.78"
"ROGERS ******8688        888-764-3771 ON","01/09/2023","02:35 PM","-150.09"
"PUNJABI CHAAP CORNER     BRAMPTON     ON","01/09/2023","04:30 AM","-17.50"
"MCDONALD'S #23918  Q04   MISSISSAUGA  ON","01/08/2023","09:51 PM","-2.93"
"TIM HORTONS #2244        BRAMPTON     ON","01/08/2023","04:23 PM","-1.92"
"SARDAR JI BAR & GRILL    BRAMPTON     ON","01/08/2023","05:40 AM","-14.70"
"Payment BNS","PAYMENT","TEJINDER","01/08/2023","05:00 AM","1000.00"
"COSTCO WHOLESALE W162    BRAMPTON     ON","01/08/2023","01:16 AM","-3.03"
"COSTCO WHOLESALE W162    BRAMPTON     ON","01/07/2023","09:49 PM","-37.05"
"TIM HORTONS #3020        BRAMPTON     ON","01/07/2023","06:56 PM","-10.03"
"TIM HORTONS #3020        BRAMPTON     ON","01/06/2023","05:38 PM","-1.92"
"ESSO CIRCLE K            BRAMPTON     ON","01/06/2023","04:26 PM","-40.00"
"APPLE.COM/CA             800-676-2775 ON","01/05/2023","10:20 AM","-131.08"
"MCDONALD'S #8008   Q04   BRAMPTON     ON","01/05/2023","04:34 AM","-3.35"
"COSTCO WHOLESALE W162    BRAMPTON     ON","01/04/2023","08:22 PM","-642.96"
"WAL-MART # 1079          BRAMPTON     ON","01/03/2023","05:18 AM","-18.11"
"PUNJABI CHAAP CORNER     BRAMPTON     ON","01/02/2023","07:18 PM","-17.50"
"SARANGAN'S NF #4493      BRAMPTON     ON","01/02/2023","06:44 PM","-1.44"
"FOOK HING RESTURANT      BRAMPTON     ON","01/01/2023","09:50 PM","-10.75"
"TIM HORTONS #4321        BRAMPTON     ON","01/01/2023","07:59 PM","-1.92"
"CITY SOUTH PIZZA         BRAMPTON     ON","01/01/2023","05:29 AM","-13.50"
"GAP CANADA 9847          MISSISSAUGA  ON","12/31/2022","10:53 PM","-11.29"
"DIXIE RD HUSKY ESSO      MISSISSAUGA  ON","12/31/2022","09:39 PM","-40.00"
"DENNYS MISSISSAUGA       MISSISSAUGA  ON","12/31/2022","08:17 PM","-28.97"
"PAPASODARO NATUROPATHY   BRAMPTON     ON","12/31/2022","04:42 AM","-42.10"
"TIM HORTONS #1988        BRAMPTON     ON","12/31/2022","02:47 AM","-7.91"
"TIM HORTONS #3020        BRAMPTON     ON","12/30/2022","09:51 PM","-7.67"
"ABC*FUZION FITNESS       905-4551770  ON","12/30/2022","11:35 AM","-19.77"
"INDIAN FROOTLAND         BRAMPTON     ON","12/30/2022","03:01 AM","-2.99"
"INDIAN FROOTLAND         BRAMPTON     ON","12/30/2022","02:57 AM","-14.73"
"CLARENCE ESSO            BRAMPTON     ON","12/29/2022","08:57 PM","-30.00"
"COSTCO WHOLESALE W162    BRAMPTON     ON","12/29/2022","07:52 PM","-1.58"
"COSTCO WHOLESALE W162    BRAMPTON     ON","12/29/2022","07:51 PM","-24.85"
"NATH MEAT                BRAMPTON     ON","12/29/2022","04:33 AM","-13.70"
"KRAZY BINZ LIQUIDATION   MISSISSAUGA  ON","12/28/2022","10:05 PM","-11.30"
"TANDOORI BOYS            BRAMPTON     ON","12/28/2022","01:54 AM","-14.68"
"WAL-MART # 1079          BRAMPTON     ON","12/27/2022","11:32 PM","-38.42"
"TIM HORTONS #3020        BRAMPTON     ON","12/27/2022","05:29 PM","-4.54"
"BENEVITY DONATIONS       855-237-7875 FL","12/27/2022","03:17 PM","-328.03"
"Payment BNS","PAYMENT","TEJINDER","12/27/2022","05:00 AM","1000.00"
"TIM HORTONS #2244        BRAMPTON     ON","12/26/2022","11:26 PM","-1.92"
"COSTCO WHOLESALE W162    BRAMPTON     ON","12/26/2022","10:58 PM","-22.59"
"COSTCO WHOLESALE W162    BRAMPTON     ON","12/26/2022","10:54 PM","-6.77"
"COSTCO WHOLESALE W162    BRAMPTON     ON","12/26/2022","10:37 PM","-219.98"
"GOOGLE *YouTubePremium   g.co/helppay#NS","12/25/2022","11:46 PM","-7.90"
"INDIAN FROOTLAND         BRAMPTON     ON","12/25/2022","10:52 PM","-23.13"
"TIM HORTONS #3020        BRAMPTON     ON","12/24/2022","07:26 PM","-3.80"
"GINO'S PIZZA #124        BRAMPTON     ON","12/23/2022","11:21 PM","-26.09"
"QUEEN AND BRAMALEA ESS   BRAMPTON     ON","12/23/2022","07:10 AM","-45.00"
"TIM HORTONS #9028        MOUNT HOPE   ON","12/23/2022","01:53 AM","-10.95"
"GINO'S PIZZA #124        BRAMPTON     ON","12/21/2022","11:14 PM","-19.21"
"TIM HORTONS #2244        BRAMPTON     ON","12/20/2022","08:08 PM","-1.92"
"Payment BNS","PAYMENT","TEJINDER","12/20/2022","05:00 AM","500.00"
"ADOBO FRESH BURRITO ME   BRAMPTON     ON","12/20/2022","02:42 AM","-9.03"
"COSTCO WHOLESALE W162    BRAMPTON     ON","12/19/2022","04:10 AM","-8.24"
"SHELL C21971             GEORGETOWN   ON","12/18/2022","11:31 PM","-40.00"
"COSTCO WHOLESALE W162    BRAMPTON     ON","12/18/2022","10:27 PM","-90.45"
"Subway 6385              Brampton     ON","12/17/2022","10:29 PM","-8.80"
"REAL PUNJABI TASTE       BRAMPTON     ON","12/16/2022","10:17 PM","-12.99"
"ABC*FUZION FITNESS       905-4551770  ON","12/16/2022","03:19 PM","-19.77"
"MIDWAY INVADER           MISSISSAUGA  ON","12/16/2022","06:46 AM","-8.25"
"TIM HORTONS #2244        BRAMPTON     ON","12/15/2022","06:35 PM","-4.54"
"TIM HORTONS #3020        BRAMPTON     ON","12/14/2022","08:52 PM","-1.92"
"SARANGAN'S NF #4493      BRAMPTON     ON","12/14/2022","07:17 PM","-9.97"
"COSTCO WHOLESALE W162    BRAMPTON     ON","12/13/2022","11:51 PM","-219.01"
"COSTCO WHOLESALE W162    BRAMPTON     ON","12/13/2022","10:44 PM","-6.77"
"TIM HORTONS #3020        BRAMPTON     ON","12/13/2022","08:51 PM","-3.80"
"MASSAGE ADDICT MAVIS     MISSISSAUGA  ON","12/13/2022","04:56 PM","-23.70"
"ABC*FUZION FITNESS       905-4551770  ON","12/13/2022","09:55 AM","-56.48"
"Payment BNS","PAYMENT","TEJINDER","12/13/2022","05:00 AM","800.00"
"PAPASODARO NATUROPATHY   BRAMPTON     ON","12/12/2022","09:40 PM","-11.30"
"TIM HORTONS #6376        BRAMPTON     ON","12/12/2022","03:29 PM","-3.80"
"TIM HORTONS #3020        BRAMPTON     ON","12/12/2022","02:26 AM","-4.54"
"NATH MEAT                BRAMPTON     ON","12/11/2022","05:00 AM","-16.02"
"01767 CIRCLE K           BRAMPTON     ON","12/11/2022","03:50 AM","-40.00"
"TIM HORTONS #2244        BRAMPTON     ON","12/11/2022","03:13 AM","-7.91"
"NATH MEAT                BRAMPTON     ON","12/10/2022","11:25 PM","-17.63"
"ROGERS ******8688        888-764-3771 ON","12/10/2022","02:54 PM","-150.09"
"TIM HORTONS #3020        BRAMPTON     ON","12/09/2022","08:17 PM","-4.54"
"NEW LOCOMOTION           MISSISSAUGA  ON","12/09/2022","06:59 PM","-8.25"
"TIM HORTONS #2244        BRAMPTON     ON","12/09/2022","06:33 PM","-4.01"
"TIM HORTONS #1712        MISSISSAUGA  ON","12/08/2022","12:16 AM","-3.84"
"UBER CANADA/UBERTRIP     TORONTO      ON","12/07/2022","02:25 PM","-9.71"
"TIM HORTONS #3020        BRAMPTON     ON","12/05/2022","10:51 PM","-1.92"
"PAPASODARO NATUROPATHY   BRAMPTON     ON","12/05/2022","08:40 PM","-28.24"
"PUNJABI CHAAP CORNER     BRAMPTON     ON","12/05/2022","03:32 AM","-15.80"
"TIM HORTONS #3020        BRAMPTON     ON","12/04/2022","06:43 PM","-4.54"
"MIDWAY INVADER           MISSISSAUGA  ON","12/04/2022","02:58 AM","-7.50"
"TIM HORTONS #3020        BRAMPTON     ON","12/03/2022","10:38 PM","-1.92"
"TIM HORTONS #4321        BRAMPTON     ON","12/03/2022","09:33 PM","-2.30"
"AMZ*Amazon.ca            AMAZON.CA    ON","REFUND","TEJINDER","12/03/2022","05:00 AM","63.16"
"SHELL C21971             GEORGETOWN   ON","12/03/2022","02:31 AM","-45.00"
"TIM HORTONS #3020        BRAMPTON     ON","12/02/2022","09:22 PM","-1.92"
"ABC*FUZION FITNESS       905-4551770  ON","12/02/2022","11:40 AM","-19.77"
"COSTCO WHOLESALE W162    BRAMPTON     ON","12/01/2022","10:40 PM","-3.03"
"Payment BNS","PAYMENT","TEJINDER","12/01/2022","05:00 AM","50.00"
"REXALL PHARMACY #2386    BRAMPTON     ON","12/01/2022","12:00 AM","-16.94"
"Amazon.ca*DX5CR2X23      AMAZON.CA    ON","11/30/2022","11:52 AM","-63.16"
"PAPASODARO NATUROPATHY   BRAMPTON     ON","11/28/2022","08:37 PM","-11.30"
"TIM HORTONS #6376        BRAMPTON     ON","11/28/2022","08:00 PM","-10.49"
"MOORES CLOTHING 0114     BRAMPTON     ON","11/27/2022","11:46 PM","-56.49"
"TIM HORTONS #7625        BRAMPTON     ON","11/27/2022","09:56 PM","-5.45"
"MOORES CLOTHING 0114     BRAMPTON     ON","11/27/2022","08:37 PM","-62.10"
"BENEVITY DONATIONS       855-237-7875 FL","11/27/2022","03:08 PM","-322.79"
"Payment BNS","PAYMENT","TEJINDER","11/27/2022","05:00 AM","1000.00"
"FOOT LOCKER CANADA       BRAMPTON     ON","11/26/2022","10:34 PM","-101.69"
"COSTCO WHOLESALE W162    BRAMPTON     ON","11/26/2022","09:40 PM","-1.58"
"COSTCO WHOLESALE W162    BRAMPTON     ON","REFUND","TEJINDER","11/26/2022","09:10 PM","79.09"
"COSTCO WHOLESALE W162    BRAMPTON     ON","11/26/2022","08:13 PM","-2.72"
"COSTCO WHOLESALE W162    BRAMPTON     ON","11/26/2022","08:09 PM","-498.69"
"MCDONALD'S #23918  Q04   MISSISSAUGA  ON","11/26/2022","07:17 PM","-2.93"
"COSTCO WHOLESALE W162    BRAMPTON     ON","REFUND","TEJINDER","11/26/2022","06:58 PM","338.99"
"TIM HORTONS #1568        MISSISSAUGA  ON","11/26/2022","05:13 PM","-3.80"
"COSTCO WHOLESALE W162    BRAMPTON     ON","11/26/2022","05:00 AM","-0.32"
"COSTCO WHOLESALE W162    BRAMPTON     ON","11/26/2022","04:51 AM","-2.72"
"ROYAL PAAN               BRAMPTON     ON","11/26/2022","01:32 AM","-11.30"
"WEST 49 1656             HALTON HILLS ON","11/26/2022","01:10 AM","-45.19"
"AEO CANADA CORPORATION   GEORGETOWN   ON","11/26/2022","12:45 AM","-33.89"
"GAP OUTLET 2538          HALTON HILLS ON","11/26/2022","12:28 AM","-30.50"
"GOOGLE *YouTubePremium   g.co/helppay#NS","11/25/2022","11:46 PM","-7.90"
"OLD NAVY CA 4459         HALTON HILLS ON","11/25/2022","10:13 PM","-162.66"
"TIM HORTONS #1669        HORNBY       ON","11/25/2022","09:33 PM","-1.92"
"LEVIS TORONTO PREMIUM    HALTON HILLS ON","11/25/2022","09:15 PM","-61.02"
"COSTCO WHOLESALE W162    BRAMPTON     ON","11/25/2022","07:16 PM","-79.09"
"PETROCAN                 HORNBY       ON","11/25/2022","05:00 AM","-50.00"
"CDN TIRE STORE #00010    BRAMPTON     ON","11/25/2022","12:17 AM","-199.87"
"PUNJABI CHAAP CORNER     KITCHENER    ON","11/24/2022","09:49 PM","-17.50"
"adidas 2014 Halton Hil   Halton Hills ON","11/24/2022","09:01 PM","-67.80"
"TIM HORTONS #1216        BRAMPTON     ON","11/23/2022","10:30 PM","-5.45"
"SARANGAN'S NF #4493      BRAMPTON     ON","11/23/2022","06:51 PM","-6.99"
"TIM HORTONS #3020        BRAMPTON     ON","11/22/2022","05:52 PM","-5.71"
"TIM HORTONS #3020        BRAMPTON     ON","11/21/2022","06:34 PM","-5.71"
"TIM HORTONS #2244        BRAMPTON     ON","11/20/2022","10:05 PM","-4.74"
"RCSS HWY 10 & STEELES    BRAMPTON     ON","11/20/2022","06:41 PM","-158.19"
"TIM HORTONS #1216        BRAMPTON     ON","11/20/2022","07:25 AM","-3.40"
"NATH MEAT                BRAMPTON     ON","11/20/2022","02:43 AM","-26.00"
"MCDONALD'S #29186  Q04   MISSISSAUGA  ON","11/19/2022","05:59 PM","-3.35"
"Subway 61906             Brampton     ON","11/18/2022","11:47 PM","-8.80"
"ESSO CIRCLE K            BRAMPTON     ON","11/18/2022","11:29 PM","-45.00"
"COSTCO WHOLESALE W162    BRAMPTON     ON","11/18/2022","07:06 PM","-1.58"
"ABC*FUZION FITNESS       905-4551770  ON","11/18/2022","04:45 PM","-19.77"
"Payment BNS","PAYMENT","TEJINDER","11/18/2022","05:00 AM","1000.00"
"COSTCO WHOLESALE W162    BRAMPTON     ON","11/16/2022","11:13 PM","-1.58"
"COSTCO WHOLESALE W162    BRAMPTON     ON","11/16/2022","11:12 PM","-22.59"
"TIM HORTONS #3020        BRAMPTON     ON","11/14/2022","04:20 PM","-1.92"
"GINO'S PIZZA #124        BRAMPTON     ON","11/13/2022","10:47 PM","-11.30"
"Subway 49477             Brampton     ON","11/13/2022","10:35 PM","-7.90"
"Fuzion Fitness           BRAMPTON     ON","11/13/2022","10:17 PM","-39.54"
"MASSAGE ADDICT MAVIS     MISSISSAUGA  ON","11/13/2022","07:48 PM","-10.00"
"TIM HORTONS #3020        BRAMPTON     ON","11/13/2022","05:59 PM","-1.92"
"SARANGAN'S NF #4493      BRAMPTON     ON","11/13/2022","04:32 PM","-6.99"
"TIM HORTONS #3020        BRAMPTON     ON","11/12/2022","07:07 PM","-4.81"
"NATH MEAT                BRAMPTON     ON","11/11/2022","11:48 PM","-18.75"
"ESSO CIRCLE K            BRAMPTON     ON","11/11/2022","11:36 PM","-45.00"
"ROGERS ******8688        888-764-3771 ON","11/11/2022","02:29 PM","-150.09"
"ADOBO FRESH BURRITO ME   BRAMPTON     ON","11/11/2022","03:47 AM","-8.46"
"MCDONALD'S #40589        MILTON       ON","11/11/2022","02:24 AM","-14.76"
"TIM HORTONS #2244        BRAMPTON     ON","11/11/2022","12:31 AM","-2.30"
"TIM HORTONS #2244        BRAMPTON     ON","11/09/2022","11:17 PM","-2.30"
"PUNJABI CHAAP CORNER     KITCHENER    ON","11/08/2022","04:32 PM","-17.50"
"AMZN Mktp CA*H24M38H41   WWW.AMAZON.CAON","11/06/2022","04:35 PM","-3.36"
"AMZN Mktp CA*H21NA9G21   WWW.AMAZON.CAON","11/06/2022","01:49 AM","-42.46"
"COSTCO WHOLESALE W162    BRAMPTON     ON","11/05/2022","10:11 PM","-1.58"
"COSTCO WHOLESALE W162    BRAMPTON     ON","11/05/2022","10:08 PM","-338.99"
"COSTCO WHOLESALE W162    BRAMPTON     ON","11/05/2022","10:06 PM","-114.98"
"COSTCO WHOLESALE W162    BRAMPTON     ON","11/04/2022","10:50 PM","-8.24"
"COSTCO WHOLESALE W162    BRAMPTON     ON","11/04/2022","10:34 PM","-67.80"
"QUEEN AND BRAMALEA ESS   BRAMPTON     ON","11/04/2022","05:55 PM","-40.00"
"Payment BNS","PAYMENT","TEJINDER","11/03/2022","04:00 AM","1000.00"
"COSTCO WHOLESALE W162    BRAMPTON     ON","11/02/2022","10:45 PM","-1.58"
"TIM HORTONS #3020        BRAMPTON     ON","11/02/2022","08:10 PM","-2.40"
"NATH MEAT                BRAMPTON     ON","11/02/2022","01:10 AM","-6.45"
"NATURE'S SOURCE INC.     MISSISSAUGA  ON","11/01/2022","07:39 PM","-176.27"
"TIM HORTONS #3020        BRAMPTON     ON","11/01/2022","07:21 PM","-2.40"
"TIM HORTONS #2244        BRAMPTON     ON","11/01/2022","01:50 AM","-6.20"
"SHELL C21743             BRAMPTON     ON","10/31/2022","09:11 PM","-30.00"
"NATURE'S TOUCH NATUROP   BRAMPTON     ON","10/31/2022","08:58 PM","-12.00"
"MIDWAY INVADER           MISSISSAUGA  ON","10/30/2022","11:43 PM","-12.72"
"TIM HORTONS #2244        BRAMPTON     ON","10/30/2022","04:00 AM","-1.92"
"NATH MEAT                BRAMPTON     ON","10/30/2022","01:54 AM","-12.11"
"KING TANDOORI            BRAMPTON     ON","10/29/2022","04:16 AM","-32.70"
"DESI BITES               KITCHENER    ON","10/29/2022","01:43 AM","-1.31"
"TIM HORTONS #3566        KITCHENER    ON","10/29/2022","12:00 AM","-1.67"
"TIM HORTONS #2244        BRAMPTON     ON","10/28/2022","08:01 PM","-1.92"
"SARANGAN'S NF #4493      BRAMPTON     ON","10/28/2022","04:14 PM","-6.99"
"TIM HORTONS #2244        BRAMPTON     ON","10/27/2022","06:20 PM","-1.92"
"BENEVITY DONATIONS       855-237-7875 FL","10/27/2022","03:15 PM","-328.85"
"NATH MEAT                BRAMPTON     ON","10/27/2022","01:39 AM","-12.91"
"TIM HORTONS #3020        BRAMPTON     ON","10/26/2022","06:51 PM","-1.92"
"GOOGLE *YouTubePremium   g.co/helppay#NS","10/25/2022","10:46 PM","-7.90"
"INDIAN FROOTLAND         BRAMPTON     ON","10/25/2022","10:21 PM","-11.79"
"APPLE.COM/CA             800-676-2775 ON","10/25/2022","09:51 PM","-25.99"
"TIM HORTONS #3020        BRAMPTON     ON","10/25/2022","04:21 PM","-1.92"
"TIM HORTONS #1216        BRAMPTON     ON","10/25/2022","02:16 AM","-5.64"
"TIM HORTONS #1216        BRAMPTON     ON","10/25/2022","02:13 AM","-3.55"
"REAL PUNJABI TASTE       BRAMPTON     ON","10/25/2022","01:39 AM","-13.25"
"PETROCAN                 MISSISSAUGA  ON","10/25/2022","01:36 AM","-40.00"
"TIM HORTONS #3020        BRAMPTON     ON","10/23/2022","07:46 PM","-10.49"
"ADOBO FRESH BURRITO ME   BRAMPTON     ON","10/23/2022","04:23 PM","-14.10"
"EGGSMART STORE #4010     BRAMPTON     ON","10/22/2022","07:52 PM","-11.29"
"PATANJALI SEWA KENDRA    BRAMPTON     ON","10/21/2022","08:13 PM","-38.39"
"TIM HORTONS #3020        BRAMPTON     ON","10/21/2022","03:47 PM","-3.80"
"ESSO CIRCLE K            BRAMPTON     ON","10/20/2022","03:11 PM","-30.00"
"TIM HORTONS #3020        BRAMPTON     ON","10/20/2022","03:08 PM","-2.17"
"TIM HORTONS #2244        BRAMPTON     ON","10/20/2022","04:44 AM","-5.15"
"TIM HORTONS #4321        BRAMPTON     ON","10/20/2022","01:18 AM","-5.15"
"Subway 49477             Brampton     ON","10/19/2022","06:16 PM","-5.65"
"ADOBO FRESH BURRITO ME   BRAMPTON     ON","10/18/2022","11:56 PM","-12.42"
"TIM HORTONS #3020        BRAMPTON     ON","10/18/2022","04:40 AM","-1.67"
"GINO'S PIZZA #124        BRAMPTON     ON","10/18/2022","01:11 AM","-11.30"
"TIM HORTONS #3020        BRAMPTON     ON","10/17/2022","07:34 PM","-1.92"
"INDIAN FROOTLAND         BRAMPTON     ON","10/17/2022","07:23 PM","-11.84"
"INDIAN FROOTLAND         BRAMPTON     ON","10/17/2022","12:49 AM","-11.39"
"UDUPI MADRAS CAFE        MISSISSAUGA  ON","10/16/2022","09:46 PM","-22.71"
"TIM HORTONS #4321        BRAMPTON     ON","10/16/2022","06:17 PM","-4.89"
"Subway 6385              Brampton     ON","10/16/2022","04:01 AM","-6.77"
"INDIAN FROOTLAND         BRAMPTON     ON","10/16/2022","04:00 AM","-3.38"
"INDIAN FROOTLAND         BRAMPTON     ON","10/15/2022","07:21 PM","-3.99"
"GINO'S PIZZA #124        BRAMPTON     ON","10/15/2022","06:14 PM","-11.30"
"TIM HORTONS #3020        BRAMPTON     ON","10/15/2022","06:08 PM","-1.92"
"CDN TIRE STORE #00010    BRAMPTON     ON","10/14/2022","10:48 PM","-24.85"
"ADOBO FRESH BURRITO ME   BRAMPTON     ON","10/14/2022","07:46 PM","-14.10"
"PETROCAN                 BRAMPTON     ON","10/14/2022","07:20 PM","-45.00"
"MCDONALD S #9473         BRAMPTON     ON","10/14/2022","07:02 PM","-19.19"
"Payment BNS","PAYMENT","TEJINDER","10/14/2022","04:00 AM","1000.00"
"TIM HORTONS #2244        BRAMPTON     ON","10/13/2022","10:33 PM","-2.40"
"NATH MEAT                BRAMPTON     ON","10/13/2022","06:28 PM","-8.19"
"TIM HORTONS #3020        BRAMPTON     ON","10/13/2022","06:23 PM","-4.54"
"EVENTBRITE/BOLLYWOODAM   SAINT JOHN   NB","10/13/2022","04:34 AM","-22.23"
"NATH MEAT                BRAMPTON     ON","10/13/2022","01:19 AM","-10.43"
"ADOBO FRESH BURRITO ME   BRAMPTON     ON","10/12/2022","07:56 PM","-14.10"
"TIM HORTONS #3020        BRAMPTON     ON","10/12/2022","04:00 AM","-3.80"
"PUNJABI CHAAP CORNER     BRAMPTON     ON","10/11/2022","11:24 PM","-17.48"
"Subway 61906             Brampton     ON","10/11/2022","09:48 PM","-6.77"
"PLANET BOWL              TORONTO      ON","10/11/2022","01:09 AM","-27.59"
"Subway 6385              Brampton     ON","10/10/2022","07:46 PM","-6.77"
"EVENTBRITE/DISCODANDIA   SAINT JOHN   NB","10/10/2022","07:20 PM","-22.23"
"TIM HORTONS #1992        TORONTO      ON","10/10/2022","04:10 PM","-3.55"
"ROGERS ******8688        888-764-3771 ON","10/10/2022","02:17 PM","-150.09"
"ADOBO FRESH BURRITO ME   BRAMPTON     ON","10/10/2022","01:18 AM","-12.42"
"ESSO CIRCLE K            MISSISSAUGA  ON","10/09/2022","10:25 PM","-45.00"
"TIM HORTONS #2244        BRAMPTON     ON","10/09/2022","07:33 PM","-3.80"
"TIM HORTONS #3020        BRAMPTON     ON","10/09/2022","01:54 AM","-3.80"
"NATH MEAT                BRAMPTON     ON","10/08/2022","08:01 PM","-16.21"
"TIM HORTONS #3020        BRAMPTON     ON","10/07/2022","07:14 PM","-3.80"
"FOOK HING RESTURANT      BRAMPTON     ON","10/07/2022","06:25 PM","-14.41"
"NATH MEAT                BRAMPTON     ON","10/06/2022","07:21 PM","-15.00"
"TIM HORTONS #3020        BRAMPTON     ON","10/06/2022","06:29 PM","-1.92"
"SHELL C21971             GEORGETOWN   ON","10/06/2022","04:00 AM","-20.00"
"TIM HORTONS #2244        BRAMPTON     ON","10/05/2022","11:09 PM","-3.80"
"CDN TIRE STORE #00010    BRAMPTON     ON","10/05/2022","10:55 PM","-33.89"
"DOLLARAMA # 204          BRAMPTON     ON","10/05/2022","10:38 PM","-6.25"
"NATH MEAT                BRAMPTON     ON","10/05/2022","10:16 PM","-12.00"
"ADOBO FRESH BURRITO ME   BRAMPTON     ON","10/05/2022","06:15 PM","-8.46"
"INDIAN FROOTLAND         BRAMPTON     ON","10/05/2022","01:12 AM","-19.02"
"NATH MEAT                BRAMPTON     ON","10/04/2022","10:09 PM","-10.00"
"LINDT  SPRUNGLI          NIAGARA FALLSON","10/04/2022","09:44 PM","-97.09"
"TIM HORTONS #2244        BRAMPTON     ON","10/04/2022","05:04 PM","-1.88"
"MCDONALD'S #21612  Q04   BRAMPTON     ON","10/04/2022","04:51 PM","-6.53"
"Payment BNS","PAYMENT","TEJINDER","10/04/2022","04:00 AM","500.00"
"GINO'S PIZZA #124        BRAMPTON     ON","10/03/2022","09:56 PM","-1.15"
"GINO'S PIZZA #124        BRAMPTON     ON","10/03/2022","04:52 PM","-11.30"
"NATH MEAT                BRAMPTON     ON","10/02/2022","11:47 PM","-17.63"
"REAL PUNJABI TASTE       BRAMPTON     ON","10/02/2022","09:55 PM","-11.30"
"MCDONALD'S #29186  Q04   MISSISSAUGA  ON","10/02/2022","08:26 PM","-4.19"
"SQ *WELLNESS BEADS AND   ETOBICOKE    ON","10/02/2022","08:02 PM","-30.00"
"PETROCAN                 MISSISSAUGA  ON","10/02/2022","06:38 PM","-40.00"
"TIM HORTONS #3020        BRAMPTON     ON","10/02/2022","03:49 PM","-1.88"
"FOOK HING RESTURANT      BRAMPTON     ON","10/01/2022","11:35 PM","-14.41"
"MCDONALD'S #21612  Q04   BRAMPTON     ON","10/01/2022","09:18 PM","-4.19"
"NATH MEAT                BRAMPTON     ON","10/01/2022","07:39 PM","-8.00"
"SARDAR JI                BRAMPTON     ON","10/01/2022","01:43 AM","-13.55"
"TIM HORTONS #3020        BRAMPTON     ON","09/30/2022","06:20 PM","-1.92"
"CITY SOUTH PIZZA         BRAMPTON     ON","09/29/2022","04:00 AM","-29.20"
"NATH MEAT                BRAMPTON     ON","09/29/2022","01:45 AM","-32.86"
"SHELL C21971             GEORGETOWN   ON","09/28/2022","07:36 PM","-30.00"
"MCDONALD'S #21612  Q04   BRAMPTON     ON","09/28/2022","06:40 PM","-7.89"
"MCDONALD'S #23918  Q04   MISSISSAUGA  ON","09/28/2022","04:31 AM","-3.14"
"MCDONALD'S #21612  Q04   BRAMPTON     ON","09/27/2022","10:37 PM","-3.98"
"TIM HORTONS #3020        BRAMPTON     ON","09/27/2022","06:14 PM","-5.65"
"BENEVITY DONATIONS       855-237-7875 AA","09/27/2022","03:19 PM","-331.61"
"NATH MEAT                BRAMPTON     ON","09/27/2022","01:26 AM","-8.71"
"TIM HORTONS #3020        BRAMPTON     ON","09/26/2022","09:57 PM","-1.92"
"NATH MEAT                BRAMPTON     ON","09/26/2022","01:00 AM","-13.56"
"GOOGLE *YouTubePremium   g.co/helppay#NS","09/25/2022","10:46 PM","-7.90"
"TIM HORTONS #3020        BRAMPTON     ON","09/25/2022","07:55 PM","-4.10"
"Payment BNS","PAYMENT","TEJINDER","09/25/2022","04:00 AM","500.00"
"MCDONALD'S #40206        NORTH YORK   ON","09/25/2022","12:37 AM","-5.45"
"WAL-MART #3130           BRAMPTON     ON","09/24/2022","10:30 PM","-16.88"
"SHELL C21971             GEORGETOWN   ON","09/24/2022","09:54 PM","-40.00"
"NATH MEAT                BRAMPTON     ON","09/24/2022","08:21 PM","-11.20"
"TIM HORTONS #3020        BRAMPTON     ON","09/23/2022","08:05 PM","-10.72"
"FOOK HING RESTURANT      BRAMPTON     ON","09/23/2022","02:19 AM","-11.58"
"MASSAGE ADDICT MAVIS     MISSISSAUGA  ON","09/22/2022","08:05 PM","-113.00"
"TIM HORTONS #3020        BRAMPTON     ON","09/22/2022","04:53 PM","-3.80"
"MASSAGE ADDICT MAVIS     MISSISSAUGA  ON","09/22/2022","04:52 PM","-10.00"
"REAL PUNJABI TASTE       BRAMPTON     ON","09/21/2022","08:33 PM","-11.30"
"TIM HORTONS #0385        BRAMPTON     ON","09/21/2022","04:01 PM","-3.80"
"SKIPTHEDISHES            WINNIPEG     MB","09/20/2022","11:53 PM","-15.89"
"NATH MEAT                BRAMPTON     ON","09/20/2022","01:16 AM","-9.55"
"TIM HORTONS #1216        BRAMPTON     ON","09/19/2022","10:32 PM","-2.07"
"PATANJALI SEWA KENDRA    BRAMPTON     ON","09/19/2022","06:08 PM","-11.29"
"ADOBO FRESH BURRITO ME   BRAMPTON     ON","09/19/2022","12:20 PM","-8.46"
"PUNJABI CHAAP CORNER     BRAMPTON     ON","09/19/2022","01:45 AM","-15.80"
"VILLAGE OF INDIA         BRAMPTON     ON","09/18/2022","09:37 PM","-18.61"
"PETROCAN                 MISSISSAUGA  ON","09/18/2022","08:49 PM","-35.00"
"TIM HORTONS #2244        BRAMPTON     ON","09/18/2022","05:34 PM","-3.80"
"MCDONALD'S #21612  Q04   BRAMPTON     ON","09/18/2022","05:23 PM","-2.93"
"NATH MEAT                BRAMPTON     ON","09/18/2022","01:57 AM","-8.23"
"TIM HORTONS #2244        BRAMPTON     ON","09/17/2022","10:18 PM","-12.69"
"THE HOME DEPOT #7006     BRAMPTON     ON","09/17/2022","09:58 PM","-67.78"
"TIM HORTONS #6376        BRAMPTON     ON","09/17/2022","07:42 PM","-8.71"
"SARANGAN'S NF #4493      BRAMPTON     ON","09/15/2022","11:25 PM","-6.99"
"NATH MEAT                BRAMPTON     ON","09/15/2022","11:11 PM","-8.27"
"NATH MEAT                BRAMPTON     ON","09/15/2022","11:10 PM","-10.00"
"CDN TIRE STORE #00010    BRAMPTON     ON","09/15/2022","10:25 PM","-29.92"
"TIM HORTONS #3020        BRAMPTON     ON","09/15/2022","06:51 PM","-7.13"
"TIM HORTONS #3020        BRAMPTON     ON","09/14/2022","04:38 PM","-4.54"
"NATH MEAT                BRAMPTON     ON","09/14/2022","12:53 AM","-24.86"
"NATH MEAT                BRAMPTON     ON","09/14/2022","12:53 AM","-12.43"
"DOLLARAMA # 204          BRAMPTON     ON","09/13/2022","10:09 PM","-18.65"
"TIM HORTONS #2244        BRAMPTON     ON","09/13/2022","08:32 PM","-6.78"
"TIM HORTONS #3020        BRAMPTON     ON","09/13/2022","04:36 PM","-3.80"
"NATH MEAT                BRAMPTON     ON","09/13/2022","01:25 AM","-12.43"
"SARANGAN'S NF #4493      BRAMPTON     ON","09/12/2022","10:09 PM","-80.08"
"ADOBO FRESH BURRITO ME   BRAMPTON     ON","09/12/2022","09:21 PM","-8.46"
"ROGERS ******8688        888-764-3771 ON","09/12/2022","01:24 PM","-140.98"
"INDIAN FROOTLAND         BRAMPTON     ON","09/12/2022","01:21 AM","-12.44"
"GINO'S PIZZA #124        BRAMPTON     ON","09/11/2022","02:24 AM","-11.30"
"TIM HORTONS #2244        BRAMPTON     ON","09/10/2022","09:41 PM","-3.49"
"NATH MEAT                BRAMPTON     ON","09/09/2022","11:00 PM","-34.86"
"TIM HORTONS #3020        BRAMPTON     ON","09/09/2022","04:57 AM","-1.92"
"SHELL C21971             GEORGETOWN   ON","09/08/2022","07:19 PM","-45.00"
"TIM HORTONS #6376        BRAMPTON     ON","09/08/2022","05:14 PM","-2.40"
"Subway 6385              Brampton     ON","09/08/2022","02:42 AM","-11.63"
"MCDONALD'S #29186  Q04   MISSISSAUGA  ON","09/07/2022","10:57 PM","-5.14"
"TIM HORTONS #3020        BRAMPTON     ON","09/07/2022","04:03 PM","-1.92"
"Payment BNS","PAYMENT","TEJINDER","09/07/2022","04:00 AM","1000.00"
"TIM HORTONS #1216        BRAMPTON     ON","09/06/2022","08:26 PM","-2.40"
"PUNJABI CHAAP CORNER     BRAMPTON     ON","09/06/2022","06:10 PM","-17.48"
"TIM HORTONS #3020        BRAMPTON     ON","09/06/2022","04:30 PM","-1.92"
"GINO'S PIZZA #124        BRAMPTON     ON","09/04/2022","10:34 PM","-19.21"
"INDIAN FROOTLAND         BRAMPTON     ON","09/04/2022","06:07 PM","-9.37"
"STARBUCKS COFFEE #2327   BRAMPTON     ON","09/04/2022","05:50 PM","-2.78"
"NATH MEAT                BRAMPTON     ON","09/03/2022","08:59 PM","-4.00"
"NATH MEAT                BRAMPTON     ON","09/03/2022","08:57 PM","-37.70"
"PETROCAN                 MISSISSAUGA  ON","09/03/2022","06:05 PM","-30.00"
"REAL PUNJABI TASTE       BRAMPTON     ON","09/03/2022","04:37 PM","-13.25"
"TIM HORTONS #3020        BRAMPTON     ON","09/02/2022","04:07 AM","-1.92"
"TIM HORTONS #3020        BRAMPTON     ON","09/01/2022","05:02 PM","-1.92"
"SARANGAN'S NF #4493      BRAMPTON     ON","09/01/2022","12:06 AM","-6.99"
"TIM HORTONS #2244        BRAMPTON     ON","08/31/2022","07:49 PM","-1.92"
"MCDONALD'S #21612  Q04   BRAMPTON     ON","08/31/2022","01:27 AM","-2.93"
"TIM HORTONS #2244        BRAMPTON     ON","08/31/2022","01:19 AM","-1.67"
"ADOBO FRESH BURRITO ME   BRAMPTON     ON","08/30/2022","11:13 PM","-8.46"
"PETROCAN                 BRAMPTON     ON","08/30/2022","03:09 AM","-45.00"
"EGGSMART STORE #4010     BRAMPTON     ON","08/29/2022","04:05 AM","-15.81"
"MCDONALD'S #21612  Q04   BRAMPTON     ON","08/29/2022","01:45 AM","-2.93"
"COSTCO WHOLESALE W1261   WOODBRIDGE   ON","08/28/2022","09:39 PM","-1.58"
"COSTCO WHOLESALE W1261   WOODBRIDGE   ON","08/28/2022","09:38 PM","-225.99"
"COSTCO WHOLESALE W162    BRAMPTON     ON","08/28/2022","08:44 PM","-184.24"
"PUNJABI CHAAP CORNER     BRAMPTON     ON","08/28/2022","08:04 PM","-15.80"
"ICHIBAN EXPRESS BRAMPT   BRAMPTON     ON","08/28/2022","06:20 PM","-8.42"
"PUNJABI CHAAP CORNER     BRAMPTON     ON","08/28/2022","04:08 PM","-15.80"
"Payment BNS","PAYMENT","TEJINDER","08/28/2022","04:00 AM","1000.00"
"TIM HORTONS #4321        BRAMPTON     ON","08/27/2022","10:41 PM","-2.40"
"PATANJALI SEWA KENDRA    BRAMPTON     ON","08/27/2022","08:49 PM","-11.29"
"BENEVITY DONATIONS       855-237-7875 AA","08/27/2022","03:26 PM","-313.41"
"PUNJABI CHAAP CORNER     BRAMPTON     ON","08/27/2022","02:24 AM","-15.80"
"TIM HORTONS #3020        BRAMPTON     ON","08/26/2022","08:38 PM","-2.40"
"GOOGLE *YouTubePremium   g.co/helppay#NS","08/25/2022","10:46 PM","-7.90"
"STARBUCKS COFFEE #2327   BRAMPTON     ON","08/24/2022","07:17 PM","-5.93"
"SARANGAN'S NF #4493      BRAMPTON     ON","08/22/2022","10:25 PM","-9.13"
"COSTCO WHOLESALE W162    BRAMPTON     ON","08/21/2022","10:13 PM","-6.77"
"THE HOME DEPOT #7301     BRAMPTON     ON","08/21/2022","08:16 PM","-3.98"
"QUEEN AND BRAMALEA ESS   BRAMPTON     ON","08/21/2022","06:25 AM","-35.00"
"SHELL C21971             GEORGETOWN   ON","08/19/2022","03:03 AM","-35.00"
"TIM HORTONS #1216        BRAMPTON     ON","08/18/2022","11:15 PM","-3.66"
"AMZN Mktp CA*CQ0OV8BB3   WWW.AMAZON.CAON","08/17/2022","04:00 AM","-43.73"
"RCSS HWY 10 & STEELES    BRAMPTON     ON","08/17/2022","12:15 AM","-1.49"
"SARANGAN'S NF #4493      BRAMPTON     ON","08/16/2022","08:39 PM","-13.98"
"ONTARIO TRUCK AND FORK   MISSISSAUGA  ON","08/16/2022","07:43 PM","-70.00"
"STARBUCKS COFFEE #2327   BRAMPTON     ON","08/15/2022","09:32 PM","-6.50"
"REAL PUNJABI TASTE       BRAMPTON     ON","08/14/2022","10:53 PM","-9.03"
"EGGSMART STORE #4010     BRAMPTON     ON","08/14/2022","04:00 PM","-12.42"
"DIXIE ESSO RETAIL        MISSISSAUGA  ON","08/14/2022","02:52 AM","-40.00"
"TIM HORTONS #2244        BRAMPTON     ON","08/14/2022","01:44 AM","-1.56"
"TIM HORTONS #2244        BRAMPTON     ON","08/13/2022","02:16 AM","-2.07"
"MCDONALD'S #29186  Q04   MISSISSAUGA  ON","08/13/2022","01:25 AM","-2.93"
"TIM HORTONS #3020        BRAMPTON     ON","08/12/2022","07:24 PM","-1.92"
"REAL FRUIT BUBBLE TEA    BRAMPTON     ON","08/10/2022","09:40 PM","-9.03"
"PHOTO PLUS               BRAMPTON     ON","08/10/2022","09:20 PM","-22.59"
"STAPLES STORE #217       BRAMPTON     ON","08/10/2022","07:29 PM","-5.00"
"TIM HORTONS #3020        BRAMPTON     ON","08/10/2022","01:37 PM","-1.92"
"TIM HORTONS #3020        BRAMPTON     ON","08/09/2022","03:09 PM","-1.92"
"ROGERS ******8688        888-764-3771 ON","08/09/2022","01:35 PM","-154.16"
"STARBUCKS COFFEE #2327   BRAMPTON     ON","08/08/2022","10:48 PM","-5.93"
"GINO'S PIZZA #124        BRAMPTON     ON","08/08/2022","10:30 PM","-19.20"
"PETROCAN                 MISSISSAUGA  ON","08/07/2022","11:54 PM","-40.00"
"STARBUCKS COFFEE #5384   BRAMPTON     ON","08/07/2022","10:10 PM","-7.06"
"PUNJABI CHAAP CORNER     BRAMPTON     ON","08/07/2022","06:11 PM","-20.88"
"SARANGAN'S NF #4493      BRAMPTON     ON","08/07/2022","01:59 AM","-21.98"
"STARBUCKS COFFEE #2327   BRAMPTON     ON","08/05/2022","10:18 PM","-6.50"
"SARANGAN'S NF #4493      BRAMPTON     ON","08/05/2022","09:21 PM","-6.99"
"PATANJALI SEWA KENDRA    BRAMPTON     ON","08/05/2022","06:32 PM","-11.29"
"ESSO CIRCLE K            BRAMPTON     ON","08/03/2022","11:23 PM","-50.00"
"TIM HORTONS #1216        BRAMPTON     ON","08/03/2022","12:58 AM","-10.88"
"COSTCO WHOLESALE W162    BRAMPTON     ON","08/01/2022","10:18 PM","-14.68"
"AMZN Mktp CA*QK2KH7M83   WWW.AMAZON.CAON","07/31/2022","07:22 PM","-64.95"
"Payment BNS","PAYMENT","TEJINDER","07/31/2022","04:00 AM","1000.00"
"BENEVITY DONATIONS       855-237-7875 AA","07/28/2022","03:57 PM","-310.72"
"HIFI WORLD               BRAMPTON     ON","07/26/2022","11:38 PM","-22.60"
"DOLLARAMA # 204          BRAMPTON     ON","07/26/2022","11:03 PM","-9.11"
"SARANGAN'S NF #4493      BRAMPTON     ON","07/26/2022","05:20 PM","-6.99"
"STARBUCKS COFFEE #2327   BRAMPTON     ON","07/26/2022","05:00 PM","-2.78"
"GOOGLE *YouTubePremium   g.co/helppay#NS","07/25/2022","10:46 PM","-7.90"
"REAL PUNJABI TASTE       BRAMPTON     ON","07/25/2022","06:06 PM","-11.30"
"TIM HORTONS #5846        BRAMPTON     ON","07/24/2022","07:46 PM","-2.40"
"STARBUCKS COFFEE #2327   BRAMPTON     ON","07/24/2022","05:36 PM","-5.93"
"REAL PUNJABI TASTE       BRAMPTON     ON","07/23/2022","11:06 PM","-10.16"
"FRESHII - 1 YONGE ST     TORONTO      ON","07/23/2022","02:05 AM","-16.36"
"SQ *TORONTO CREWING LT   Toronto      ON","07/22/2022","08:58 PM","-13.80"
"PUNJABI CHAAP CORNER     BRAMPTON     ON","07/22/2022","04:58 PM","-15.79"
"PRESTO MOBL              TORONTO      ON","07/22/2022","12:28 PM","-20.00"
"NATH MEAT                BRAMPTON     ON","07/20/2022","11:20 PM","-10.00"
"DOMINOS PIZZA #10390     BRAMPTON     ON","07/19/2022","08:32 PM","-5.48"
"DOLLARAMA # 204          BRAMPTON     ON","07/18/2022","11:55 PM","-6.85"
"SARANGAN'S NF #4493      BRAMPTON     ON","07/18/2022","11:42 PM","-6.99"
"HAKKA SPOON              BRAMPTON     ON","07/18/2022","05:17 PM","-1.56"
"HAKKA SPOON              BRAMPTON     ON","07/18/2022","05:13 PM","-13.55"
"TIM HORTONS #2244        BRAMPTON     ON","07/18/2022","04:00 AM","-4.54"
"PUNJABI CHAAP CORNER     BRAMPTON     ON","07/18/2022","12:05 AM","-15.23"
"TIM HORTONS #2244        BRAMPTON     ON","07/17/2022","06:35 PM","-2.40"
"PETROCAN                 BRAMPTON     ON","07/17/2022","05:01 AM","-55.00"
"LURI'S BAKERY            SCARBOROUGH  ON","07/16/2022","10:55 PM","-6.78"
"SQ *HEAVEN SEED          MAPLE        ON","07/16/2022","07:09 PM","-5.00"
"TIM HORTONS #2244        BRAMPTON     ON","07/15/2022","10:58 PM","-1.92"
"PATANJALI SEWA KENDRA    BRAMPTON     ON","07/15/2022","06:08 PM","-21.29"
"TIM HORTONS #3020        BRAMPTON     ON","07/14/2022","09:33 PM","-2.40"
"SARANGAN'S NF #4493      BRAMPTON     ON","07/13/2022","10:55 PM","-6.99"
"REAL PUNJABI TASTE       BRAMPTON     ON","07/12/2022","05:34 PM","-6.78"
"Payment BNS","PAYMENT","TEJINDER","07/12/2022","04:00 AM","500.00"
"TIM HORTONS #5846        BRAMPTON     ON","07/10/2022","10:39 PM","-2.40"
"ROGERS ******8688        888-764-3771 ON","07/10/2022","01:33 PM","-58.53"
"TIM HORTONS #2402        BRAMPTON     ON","07/09/2022","06:33 PM","-5.18"
"SARANGAN'S NF #4493      BRAMPTON     ON","07/09/2022","02:51 PM","-9.98"
"TIM HORTONS #1216        BRAMPTON     ON","07/08/2022","07:39 PM","-2.40"
"TIM HORTONS #1216        BRAMPTON     ON","07/08/2022","05:30 PM","-2.40"
"TIM HORTONS #2016        BRAMPTON     ON","07/08/2022","12:40 AM","-2.20"
"adidas 2014 Halton Hil   Halton Hills ON","07/07/2022","10:44 PM","-47.45"
"Reebok 1833 Halton Hil   Halton Hills ON","07/07/2022","10:14 PM","-32.82"
"COSTCO WHOLESALE W162    BRAMPTON     ON","07/07/2022","10:13 PM","-100.00"
"COSTCO WHOLESALE W162    BRAMPTON     ON","07/07/2022","10:04 PM","-2.72"
"COSTCO WHOLESALE W162    BRAMPTON     ON","07/07/2022","10:02 PM","-84.28"
"Reebok 1833 Halton Hil   Halton Hills ON","07/07/2022","10:02 PM","-100.00"
"COSTCO WHOLESALE W162    BRAMPTON     ON","07/07/2022","10:02 PM","-100.00"
"MAGADHI                  BRAMPTON     ON","07/07/2022","12:49 AM","-11.29"
"TIM HORTONS #3020        BRAMPTON     ON","07/06/2022","05:38 PM","-1.92"
"Payment BNS","PAYMENT","TEJINDER","07/03/2022","04:00 AM","500.00"
"TIM HORTONS #2244        BRAMPTON     ON","07/02/2022","03:41 PM","-3.84"
"TIM HORTONS #1685        BURLINGTON   ON","07/02/2022","05:21 AM","-4.61"
"TIM HORTONS #2749        BRAMPTON     ON","06/30/2022","06:27 PM","-5.18"
"SARANGAN'S NF #4493      BRAMPTON     ON","06/30/2022","04:00 AM","-0.76"
"TIM HORTONS #1216        BRAMPTON     ON","06/28/2022","08:27 PM","-1.77"
"TIM HORTONS #1216        BRAMPTON     ON","06/28/2022","08:26 PM","-2.30"
"A&W #4289                SCARBOROUGH  ON","06/28/2022","08:05 PM","-5.30"
"BENEVITY DONATIONS       855-237-7875 FL","06/28/2022","04:01 PM","-313.60"
"TIM HORTONS #1216        BRAMPTON     ON","06/27/2022","07:56 PM","-3.84"
"AMZN Mktp CA*5J0M299U3   WWW.AMAZON.CAON","06/26/2022","11:02 PM","-17.63"
"PRESTO MOBL              TORONTO      ON","06/26/2022","09:25 PM","-20.00"
"AMZN Mktp CA*AS7L94UZ3   WWW.AMAZON.CAON","06/26/2022","07:01 PM","-47.36"
"TIM HORTONS #1216        BRAMPTON     ON","06/26/2022","05:16 PM","-4.74"
"CINEPLEX 8030 WEB QPS    416-323-6600 ON","06/26/2022","04:00 AM","-1.13"
"SKIPTHEDISHES            WINNIPEG     MB","06/26/2022","02:01 AM","-30.00"
"GOOGLE *YouTubePremium   g.co/helppay#NS","06/25/2022","10:46 PM","-7.90"
"POPULAR PIZZA            MISSISSAUGA  ON","06/24/2022","06:49 PM","-4.29"
"POPULAR PIZZA            MISSISSAUGA  ON","06/24/2022","06:35 PM","-15.81"
"TIM HORTONS #1216        BRAMPTON     ON","06/23/2022","06:10 PM","-3.84"
"TIM HORTONS #1216        BRAMPTON     ON","06/21/2022","07:59 PM","-2.30"
"TIM HORTONS #1216        BRAMPTON     ON","06/20/2022","06:52 PM","-4.18"
"PUNJABI CHAAP CORNER     BRAMPTON     ON","06/20/2022","12:28 AM","-16.92"
"TIM HORTONS #1216        BRAMPTON     ON","06/19/2022","03:52 PM","-3.80"
"STARBUCKS COFFEE #2327   BRAMPTON     ON","06/18/2022","11:57 PM","-6.16"
"TIM HORTONS #1216        BRAMPTON     ON","06/18/2022","09:35 PM","-3.84"
"RCSS HWY 10 & STEELES    BRAMPTON     ON","06/17/2022","01:16 AM","-3.19"
"TIM HORTONS #1216        BRAMPTON     ON","06/15/2022","11:26 PM","-2.40"
"Payment BNS","PAYMENT","TEJINDER","06/15/2022","04:00 AM","1000.00"
"TIM HORTONS #5846        BRAMPTON     ON","06/14/2022","07:01 PM","-2.30"
"TIM HORTONS #1216        BRAMPTON     ON","06/13/2022","06:56 PM","-4.07"
"SARANGAN'S NF #4493      BRAMPTON     ON","06/12/2022","10:32 PM","-30.49"
"ADOBO FRESH BURRITO ME   BRAMPTON     ON","06/12/2022","10:04 PM","-12.42"
"HUMBER REEP              ETOBICOKE    ON","06/12/2022","07:27 PM","-525.00"
"HUMBER REEP              ETOBICOKE    ON","06/12/2022","07:11 PM","-75.00"
"TIM HORTONS #1216        BRAMPTON     ON","06/12/2022","05:13 PM","-5.09"
"TIM HORTONS #1216        BRAMPTON     ON","06/12/2022","01:08 AM","-5.09"
"A&W #4823 SQUARE ONE     MISSISSAUGA  ON","06/11/2022","03:41 PM","-9.02"
"SKIPTHEDISHES            WINNIPEG     MB","06/11/2022","05:46 AM","-18.04"
"REAL PUNJABI TASTE       BRAMPTON     ON","06/11/2022","12:18 AM","-10.16"
"TIM HORTONS #1216        BRAMPTON     ON","06/10/2022","05:08 PM","-5.09"
"SKIPTHEDISHES            WINNIPEG     MB","06/10/2022","03:16 AM","-20.01"
"ADOBO FRESH BURRITO ME   BRAMPTON     ON","06/09/2022","08:29 PM","-12.42"
"ROGERS ******8688        888-764-3771 ON","06/09/2022","01:16 PM","-56.50"
"TIM HORTONS #1216        BRAMPTON     ON","06/09/2022","01:11 AM","-3.44"
"TIM HORTONS #1216        BRAMPTON     ON","06/08/2022","07:45 PM","-4.18"
"ADOBO FRESH BURRITO ME   BRAMPTON     ON","06/08/2022","07:02 PM","-14.10"
"TIM HORTONS #1216        BRAMPTON     ON","06/07/2022","08:27 PM","-2.07"
"SKIPTHEDISHES            WINNIPEG     MB","06/07/2022","06:35 PM","-27.27"
"TIM HORTONS #1216        BRAMPTON     ON","06/06/2022","05:34 PM","-4.07"
"ADOBO FRESH BURRITO ME   BRAMPTON     ON","06/06/2022","01:14 AM","-8.46"
"TIM HORTONS #1216        BRAMPTON     ON","06/05/2022","07:28 PM","-4.07"
"FRESHCO #3889            BRAMPTON     ON","06/05/2022","06:07 PM","-14.99"
"REAL PUNJABI TASTE       BRAMPTON     ON","06/04/2022","10:59 PM","-20.34"
"TIM HORTONS #3020        BRAMPTON     ON","06/04/2022","01:27 AM","-3.02"
"NATH MEAT                BRAMPTON     ON","06/04/2022","01:19 AM","-10.00"
"DOMINO'S PIZZA #10488    905-456-7227 ON","06/03/2022","09:27 PM","-25.15"
"TIM HORTONS #1216        BRAMPTON     ON","06/03/2022","05:45 PM","-6.63"
"TIM HORTONS #1574        EAST YORK    ON","06/02/2022","12:23 AM","-4.95"
"KFC #1325                SCARBOROUGH  ON","06/01/2022","09:33 PM","-2.10"
"PRESTO                   TORONTO      ON","06/01/2022","06:14 PM","-20.00"
"ADOBO FRESH BURRITO ME   BRAMPTON     ON","06/01/2022","12:16 AM","-14.10"
"Payment BNS","PAYMENT","TEJINDER","05/31/2022","04:00 AM","1000.00"
"ADOBO FRESH BURRITO ME   BRAMPTON     ON","05/30/2022","11:17 PM","-12.42"
"Subway 6385              Brampton     ON","05/30/2022","03:40 AM","-9.03"
"SQ *FESTIVAL FOOD INC.   Brampton     ON","05/29/2022","09:29 PM","-17.00"
"Subway 61906             Brampton     ON","05/29/2022","01:39 AM","-11.63"
"TIM HORTONS #1216        BRAMPTON     ON","05/28/2022","09:39 PM","-2.30"
"SARANGAN'S NF #4493      BRAMPTON     ON","05/28/2022","07:54 PM","-2.09"
"MCDONALD'S #21612  Q04   BRAMPTON     ON","05/28/2022","05:20 PM","-2.10"
"BENEVITY DONATIONS       855-237-7875 FL","05/28/2022","04:08 PM","-309.62"
"TIM HORTONS #1216        BRAMPTON     ON","05/27/2022","05:57 PM","-3.70"
"UBER CANADA/UBERTRIP     TORONTO      ON","05/27/2022","05:31 PM","-15.20"
"ADOBO FRESH BURRITO ME   BRAMPTON     ON","05/27/2022","04:34 PM","-12.42"
"GINO`S PIZZA DELIVERY    WHITBY       ON","05/26/2022","09:41 PM","-24.71"
"GOOGLE *YouTubePremium   g.co/helppay#NS","05/26/2022","08:20 PM","-7.90"
"DECATHLON BRAMPTON       BRAMPTON     ON","05/25/2022","11:56 PM","-16.95"
"TIM HORTONS #2216        BRAMPTON     ON","05/25/2022","09:45 PM","-7.89"
"KING TANDOORI            BRAMPTON     ON","05/25/2022","09:44 PM","-23.75"
"TIM HORTONS #3020        BRAMPTON     ON","05/24/2022","11:16 PM","-15.41"
"PATANJALI SEWA KENDRA    BRAMPTON     ON","05/24/2022","07:45 PM","-11.29"
"TIM HORTONS #2244        BRAMPTON     ON","05/23/2022","04:00 AM","-9.01"
"PRESTO                   TORONTO      ON","05/22/2022","10:46 PM","-30.00"
"A&W #4823 SQUARE ONE     MISSISSAUGA  ON","05/22/2022","10:37 PM","-11.28"
"GINO`S PIZZA DELIVERY    WHITBY       ON","05/22/2022","05:23 PM","-27.73"
"TIM HORTONS #1216        BRAMPTON     ON","05/22/2022","05:08 PM","-6.17"
"NATH MEAT                BRAMPTON     ON","05/21/2022","08:00 PM","-10.00"
"TIM HORTONS #3020        BRAMPTON     ON","05/21/2022","06:30 PM","-4.07"
"EGGSMART STORE #4010     BRAMPTON     ON","05/21/2022","05:06 PM","-18.11"
"NATH MEAT                BRAMPTON     ON","05/21/2022","04:00 AM","-0.50"
"TIM HORTONS #1216        BRAMPTON     ON","05/20/2022","11:47 PM","-3.74"
"HAKKA SPOON              BRAMPTON     ON","05/20/2022","10:15 PM","-13.04"
"NATH MEAT                BRAMPTON     ON","05/19/2022","11:59 PM","-10.00"
"TIM HORTONS #1216        BRAMPTON     ON","05/19/2022","04:08 PM","-3.74"
"Payment BNS","PAYMENT","TEJINDER","05/19/2022","04:00 AM","500.00"
"ADOBO FRESH BURRITO ME   BRAMPTON     ON","05/19/2022","12:16 AM","-8.46"
"TIM HORTONS #1216        BRAMPTON     ON","05/18/2022","07:48 PM","-6.12"
"SP URBAN PLANET          CANADA       ON","REFUND","TEJINDER","05/18/2022","04:00 AM","6.78"
"PIZZA PIZZA # 297        BRAMPTON     ON","05/18/2022","12:23 AM","-13.32"
"TIM HORTONS #1216        BRAMPTON     ON","05/17/2022","05:52 PM","-3.59"
"PANASONIC CANADA E-STO   905-624-5010 ON","05/17/2022","03:43 AM","-45.19"
"ADOBO FRESH BURRITO ME   BRAMPTON     ON","05/16/2022","11:25 PM","-12.42"
"TIM HORTONS #1216        BRAMPTON     ON","05/16/2022","06:18 PM","-4.20"
"ROGERS      ******8688   888-764-3771 ON","05/16/2022","03:11 AM","-57.01"
"SP URBAN PLANET          CANADA       ON","05/16/2022","01:12 AM","-74.01"
"MCDONALD'S #40097  Q04   MISSISSAUGA  ON","05/15/2022","11:15 PM","-6.01"
"RAJDHANI EXPRESS         BRAMPTON     ON","05/15/2022","09:32 PM","-10.73"
"URBAN PLANET 1632        BRAMPTON     ON","05/15/2022","07:46 PM","-18.06"
"SHANGHAI 360             BRAMPTON     ON","05/14/2022","11:01 PM","-12.42"
"URBAN PLANET 1971        BRAMPTON     ON","05/14/2022","09:19 PM","-32.19"
"URBAN PLANET 1971        BRAMPTON     ON","05/14/2022","07:55 PM","-11.28"
"EGGSMART STORE #4010     BRAMPTON     ON","05/14/2022","07:49 PM","-15.58"
"STARBUCKS COFFEE #5384   BRAMPTON     ON","05/14/2022","03:24 PM","-6.16"
"RCSS HWY 10 & STEELES    BRAMPTON     ON","05/14/2022","01:54 AM","-4.77"
"GINO'S PIZZA #124        BRAMPTON     ON","05/13/2022","09:08 PM","-25.14"
"TIM HORTONS #1216        BRAMPTON     ON","05/13/2022","06:12 PM","-3.74"
"SUBZI MANDI CASH & CAR   Brampton     ON","05/13/2022","12:26 AM","-22.58"
"PRESTO                   TORONTO      ON","05/12/2022","10:46 PM","-20.00"
"UBER CANADA/UBERTRIP     TORONTO      ON","05/12/2022","09:12 PM","-10.64"
"TIM HORTONS #2402        BRAMPTON     ON","05/12/2022","06:58 PM","-20.32"
"TIM HORTONS #1216        BRAMPTON     ON","05/12/2022","04:58 PM","-3.74"
"ADOBO FRESH BURRITO ME   BRAMPTON     ON","05/11/2022","06:13 PM","-12.42"
"TIM HORTONS #1216        BRAMPTON     ON","05/11/2022","05:41 PM","-5.09"
"TIM HORTONS #1216        BRAMPTON     ON","05/10/2022","09:33 PM","-11.52"
"TIM HORTONS #1216        BRAMPTON     ON","05/09/2022","11:45 PM","-3.74"
"TIM HORTONS #1216        BRAMPTON     ON","05/09/2022","12:38 AM","-3.74"
"ADOBO FRESH BURRITO ME   BRAMPTON     ON","05/08/2022","11:37 PM","-8.46"
"TIM HORTONS #3020        BRAMPTON     ON","05/08/2022","04:51 PM","-3.55"
"TIM HORTONS #3020        BRAMPTON     ON","05/08/2022","01:06 AM","-2.07"
"NATH MEAT                BRAMPTON     ON","05/08/2022","12:46 AM","-10.00"
"TIM HORTONS #1216        BRAMPTON     ON","05/07/2022","06:16 PM","-1.67"
"TIM HORTONS #3020        BRAMPTON     ON","05/07/2022","04:00 AM","-1.88"
"ADOBO FRESH BURRITO ME   BRAMPTON     ON","05/06/2022","07:16 PM","-12.08"
"TIM HORTONS #3020        BRAMPTON     ON","05/06/2022","12:49 AM","-2.18"
"CITY SOUTH PIZZA         BRAMPTON     ON","05/05/2022","11:51 PM","-16.50"
"TIM HORTONS #1216        BRAMPTON     ON","05/03/2022","05:51 PM","-2.07"
"GINO'S PIZZA #124        BRAMPTON     ON","05/02/2022","10:25 PM","-24.84"
"TIM HORTONS #1216        BRAMPTON     ON","05/02/2022","07:27 PM","-1.67"
"ADOBO FRESH BURRITO ME   BRAMPTON     ON","05/01/2022","12:36 AM","-12.42"
"EGGSMART STORE #4010     BRAMPTON     ON","04/30/2022","05:44 PM","-22.46"
"TIM HORTONS #1216        BRAMPTON     ON","04/29/2022","11:37 PM","-3.59"
"ADOBO FRESH BURRITO ME   BRAMPTON     ON","04/29/2022","07:08 PM","-8.46"
"GINO'S PIZZA #124        BRAMPTON     ON","04/28/2022","11:40 PM","-24.84"
"TIM HORTONS #1216        BRAMPTON     ON","04/28/2022","06:24 PM","-11.85"
"BENEVITY DONATIONS       855-237-7875 FL","04/28/2022","04:18 PM","-309.01"
"ADOBO FRESH BURRITO ME   BRAMPTON     ON","04/28/2022","12:19 AM","-8.46"
"TIM HORTONS #1216        BRAMPTON     ON","04/27/2022","06:42 PM","-4.20"
"TIM HORTONS #1216        BRAMPTON     ON","04/25/2022","11:02 PM","-4.61"
"GINO'S PIZZA #124        BRAMPTON     ON","04/25/2022","01:22 AM","-24.84"
"TIM HORTONS #6314        MISSISSAUGA  ON","04/24/2022","09:06 PM","-3.59"
"SOUVLAKI HUT             MISSISSAUGA  ON","04/24/2022","07:55 PM","-11.81"
"CRACK ME UP              BRAMPTON     ON","04/24/2022","07:40 PM","-16.17"
"PROFESSIONAL BOOK FAIR   ETOBICOKE    ON","04/24/2022","04:21 PM","-1.13"
"Payment BNS","PAYMENT","TEJINDER","04/24/2022","04:00 AM","500.00"
"EGGSMART STORE #4010     BRAMPTON     ON","04/23/2022","04:09 PM","-15.76"
"DOMINO'S PIZZA #10488    BRAMPTON     ON","04/22/2022","09:45 PM","-20.19"
"Subway 61906             Brampton     ON","04/21/2022","01:52 AM","-11.63"
"NATH MEAT                BRAMPTON     ON","04/20/2022","09:04 PM","-12.00"
"DOMINO'S PIZZA #10488    BRAMPTON     ON","04/17/2022","11:48 PM","-27.64"
"TIM HORTONS #2244        BRAMPTON     ON","04/17/2022","08:43 PM","-5.52"
"ROYAL PAAN - HURONTARI   BRAMPTON     ON","04/17/2022","05:54 PM","-5.65"
"ROYAL PAAN - HURONTARI   BRAMPTON     ON","04/17/2022","05:38 PM","-11.30"
"PRESTO                   TORONTO      ON","04/17/2022","05:05 PM","-20.00"
